{"products":[{"id":0.7340516072846106,"qnt":3},{"id":0.39693362608419647,"qnt":1}],"totalPrice":59}